wrong_text,correct_text
هو عدى السؤال من غير ما يحله,تجاوز السؤال دون أن يجيب عليه
مفيش وقت نعمل كده دلوقتي,لا يوجد وقت للقيام بذلك الآن
الطلبه كانوا بيزعقوا في الفصل,كان الطلاب يصدرون ضجيجًا في الفصل
المعلم ما شرحش كويس,لم يشرح المعلم بشكل جيد
هو مش فاهم الدرس خالص,إنه لا يفهم الدرس على الإطلاق
المحاضرة كانت ممله جدا,كانت المحاضرة مملة للغاية
هو مش فاهم الدرس خالص,إنه لا يفهم الدرس على الإطلاق
هو عدى السؤال من غير ما يحله,تجاوز السؤال دون أن يجيب عليه
الشرح كان ناقص ومش كفاية,كان الشرح غير كافٍ
مفيش وقت نعمل كده دلوقتي,لا يوجد وقت للقيام بذلك الآن
احنا محتاجين نشتغل اكتر,نحن بحاجة إلى العمل بجد أكثر
الطلبه كانوا بيزعقوا في الفصل,كان الطلاب يصدرون ضجيجًا في الفصل
انا مش متأكد من الإجابة,لست متأكدًا من الإجابة
المعلم ما شرحش كويس,لم يشرح المعلم بشكل جيد
هذا الامر لا يستاهل كل دا,هذا الأمر لا يستحق كل هذا
الدرجات كانت مش مظبوطه,لم تكن الدرجات صحيحة
الطالب مقدرش يحل المسألة,لم يتمكن الطالب من حل المسألة
هو مش فاهم الدرس خالص,إنه لا يفهم الدرس على الإطلاق
الشرح كان ناقص ومش كفاية,كان الشرح غير كافٍ
هو مش فاهم الدرس خالص,إنه لا يفهم الدرس على الإطلاق
نسي يذاكر الفصل الأخير,نسي أن يذاكر الفصل الأخير
المعلم ما شرحش كويس,لم يشرح المعلم بشكل جيد
الشرح كان ناقص ومش كفاية,كان الشرح غير كافٍ
الطالب مقدرش يحل المسألة,لم يتمكن الطالب من حل المسألة
انا مش متأكد من الإجابة,لست متأكدًا من الإجابة
هو مش فاهم الدرس خالص,إنه لا يفهم الدرس على الإطلاق
نسي يذاكر الفصل الأخير,نسي أن يذاكر الفصل الأخير
الامتحان كان صعب اوي,كان الامتحان صعبًا جدًا
المعلم ما شرحش كويس,لم يشرح المعلم بشكل جيد
هو عدى السؤال من غير ما يحله,تجاوز السؤال دون أن يجيب عليه
احنا محتاجين نشتغل اكتر,نحن بحاجة إلى العمل بجد أكثر
نسي يذاكر الفصل الأخير,نسي أن يذاكر الفصل الأخير
الدرجات كانت مش مظبوطه,لم تكن الدرجات صحيحة
انا مش متأكد من الإجابة,لست متأكدًا من الإجابة
المحاضرة كانت ممله جدا,كانت المحاضرة مملة للغاية
المحاضرة كانت ممله جدا,كانت المحاضرة مملة للغاية
نسي يذاكر الفصل الأخير,نسي أن يذاكر الفصل الأخير
هو عدى السؤال من غير ما يحله,تجاوز السؤال دون أن يجيب عليه
الشرح كان ناقص ومش كفاية,كان الشرح غير كافٍ
النتيجه لسه ماطلعتش,لم تصدر النتيجة بعد
الامتحان كان صعب اوي,كان الامتحان صعبًا جدًا
انا مش متأكد من الإجابة,لست متأكدًا من الإجابة
المحاضرة كانت ممله جدا,كانت المحاضرة مملة للغاية
المحاضرة كانت ممله جدا,كانت المحاضرة مملة للغاية
الامتحان كان صعب اوي,كان الامتحان صعبًا جدًا
هو مش فاهم الدرس خالص,إنه لا يفهم الدرس على الإطلاق
الدرجات كانت مش مظبوطه,لم تكن الدرجات صحيحة
هو مش فاهم الدرس خالص,إنه لا يفهم الدرس على الإطلاق
المحاضرة كانت ممله جدا,كانت المحاضرة مملة للغاية
الامتحان كان صعب اوي,كان الامتحان صعبًا جدًا
هو مش فاهم الدرس خالص,إنه لا يفهم الدرس على الإطلاق
مفيش وقت نعمل كده دلوقتي,لا يوجد وقت للقيام بذلك الآن
هذا الامر لا يستاهل كل دا,هذا الأمر لا يستحق كل هذا
نسي يذاكر الفصل الأخير,نسي أن يذاكر الفصل الأخير
هو عدى السؤال من غير ما يحله,تجاوز السؤال دون أن يجيب عليه
احنا محتاجين نشتغل اكتر,نحن بحاجة إلى العمل بجد أكثر
هو مش فاهم الدرس خالص,إنه لا يفهم الدرس على الإطلاق
احنا محتاجين نشتغل اكتر,نحن بحاجة إلى العمل بجد أكثر
الدرجات كانت مش مظبوطه,لم تكن الدرجات صحيحة
الطالب مقدرش يحل المسألة,لم يتمكن الطالب من حل المسألة
مفيش وقت نعمل كده دلوقتي,لا يوجد وقت للقيام بذلك الآن
انا مش متأكد من الإجابة,لست متأكدًا من الإجابة
النتيجه لسه ماطلعتش,لم تصدر النتيجة بعد
نسي يذاكر الفصل الأخير,نسي أن يذاكر الفصل الأخير
المحاضرة كانت ممله جدا,كانت المحاضرة مملة للغاية
نسي يذاكر الفصل الأخير,نسي أن يذاكر الفصل الأخير
انا مش متأكد من الإجابة,لست متأكدًا من الإجابة
هو مش فاهم الدرس خالص,إنه لا يفهم الدرس على الإطلاق
المحاضرة كانت ممله جدا,كانت المحاضرة مملة للغاية
احنا محتاجين نشتغل اكتر,نحن بحاجة إلى العمل بجد أكثر
مفيش وقت نعمل كده دلوقتي,لا يوجد وقت للقيام بذلك الآن
نسي يذاكر الفصل الأخير,نسي أن يذاكر الفصل الأخير
هو مش فاهم الدرس خالص,إنه لا يفهم الدرس على الإطلاق
نسي يذاكر الفصل الأخير,نسي أن يذاكر الفصل الأخير
هو مش فاهم الدرس خالص,إنه لا يفهم الدرس على الإطلاق
انا مش متأكد من الإجابة,لست متأكدًا من الإجابة
احنا محتاجين نشتغل اكتر,نحن بحاجة إلى العمل بجد أكثر
الشرح كان ناقص ومش كفاية,كان الشرح غير كافٍ
الامتحان كان صعب اوي,كان الامتحان صعبًا جدًا
الامتحان كان صعب اوي,كان الامتحان صعبًا جدًا
الشرح كان ناقص ومش كفاية,كان الشرح غير كافٍ
الشرح كان ناقص ومش كفاية,كان الشرح غير كافٍ
النتيجه لسه ماطلعتش,لم تصدر النتيجة بعد
هو عدى السؤال من غير ما يحله,تجاوز السؤال دون أن يجيب عليه
الطالب مقدرش يحل المسألة,لم يتمكن الطالب من حل المسألة
المحاضرة كانت ممله جدا,كانت المحاضرة مملة للغاية
الشرح كان ناقص ومش كفاية,كان الشرح غير كافٍ
الطالب مقدرش يحل المسألة,لم يتمكن الطالب من حل المسألة
نسي يذاكر الفصل الأخير,نسي أن يذاكر الفصل الأخير
النتيجه لسه ماطلعتش,لم تصدر النتيجة بعد
النتيجه لسه ماطلعتش,لم تصدر النتيجة بعد
الشرح كان ناقص ومش كفاية,كان الشرح غير كافٍ
الدرجات كانت مش مظبوطه,لم تكن الدرجات صحيحة
الامتحان كان صعب اوي,كان الامتحان صعبًا جدًا
هذا الامر لا يستاهل كل دا,هذا الأمر لا يستحق كل هذا
مفيش وقت نعمل كده دلوقتي,لا يوجد وقت للقيام بذلك الآن
هذا الامر لا يستاهل كل دا,هذا الأمر لا يستحق كل هذا
مفيش وقت نعمل كده دلوقتي,لا يوجد وقت للقيام بذلك الآن
المعلم ما شرحش كويس,لم يشرح المعلم بشكل جيد
نسي يذاكر الفصل الأخير,نسي أن يذاكر الفصل الأخير
هذا الامر لا يستاهل كل دا,هذا الأمر لا يستحق كل هذا
المحاضرة كانت ممله جدا,كانت المحاضرة مملة للغاية
نسي يذاكر الفصل الأخير,نسي أن يذاكر الفصل الأخير
هذا الامر لا يستاهل كل دا,هذا الأمر لا يستحق كل هذا
الطلبه كانوا بيزعقوا في الفصل,كان الطلاب يصدرون ضجيجًا في الفصل
الشرح كان ناقص ومش كفاية,كان الشرح غير كافٍ
المحاضرة كانت ممله جدا,كانت المحاضرة مملة للغاية
هو مش فاهم الدرس خالص,إنه لا يفهم الدرس على الإطلاق
الامتحان كان صعب اوي,كان الامتحان صعبًا جدًا
هذا الامر لا يستاهل كل دا,هذا الأمر لا يستحق كل هذا
هو عدى السؤال من غير ما يحله,تجاوز السؤال دون أن يجيب عليه
هو مش فاهم الدرس خالص,إنه لا يفهم الدرس على الإطلاق
الطالب مقدرش يحل المسألة,لم يتمكن الطالب من حل المسألة
هو مش فاهم الدرس خالص,إنه لا يفهم الدرس على الإطلاق
احنا محتاجين نشتغل اكتر,نحن بحاجة إلى العمل بجد أكثر
مفيش وقت نعمل كده دلوقتي,لا يوجد وقت للقيام بذلك الآن
احنا محتاجين نشتغل اكتر,نحن بحاجة إلى العمل بجد أكثر
هو مش فاهم الدرس خالص,إنه لا يفهم الدرس على الإطلاق
احنا محتاجين نشتغل اكتر,نحن بحاجة إلى العمل بجد أكثر
هو مش فاهم الدرس خالص,إنه لا يفهم الدرس على الإطلاق
انا مش متأكد من الإجابة,لست متأكدًا من الإجابة
مفيش وقت نعمل كده دلوقتي,لا يوجد وقت للقيام بذلك الآن
هو مش فاهم الدرس خالص,إنه لا يفهم الدرس على الإطلاق
الدرجات كانت مش مظبوطه,لم تكن الدرجات صحيحة
الطالب مقدرش يحل المسألة,لم يتمكن الطالب من حل المسألة
النتيجه لسه ماطلعتش,لم تصدر النتيجة بعد
الطالب مقدرش يحل المسألة,لم يتمكن الطالب من حل المسألة
هو مش فاهم الدرس خالص,إنه لا يفهم الدرس على الإطلاق
الطالب مقدرش يحل المسألة,لم يتمكن الطالب من حل المسألة
هو عدى السؤال من غير ما يحله,تجاوز السؤال دون أن يجيب عليه
النتيجه لسه ماطلعتش,لم تصدر النتيجة بعد
نسي يذاكر الفصل الأخير,نسي أن يذاكر الفصل الأخير
هو عدى السؤال من غير ما يحله,تجاوز السؤال دون أن يجيب عليه
الطالب مقدرش يحل المسألة,لم يتمكن الطالب من حل المسألة
هو عدى السؤال من غير ما يحله,تجاوز السؤال دون أن يجيب عليه
انا مش متأكد من الإجابة,لست متأكدًا من الإجابة
احنا محتاجين نشتغل اكتر,نحن بحاجة إلى العمل بجد أكثر
هو عدى السؤال من غير ما يحله,تجاوز السؤال دون أن يجيب عليه
نسي يذاكر الفصل الأخير,نسي أن يذاكر الفصل الأخير
الدرجات كانت مش مظبوطه,لم تكن الدرجات صحيحة
مفيش وقت نعمل كده دلوقتي,لا يوجد وقت للقيام بذلك الآن
الطلبه كانوا بيزعقوا في الفصل,كان الطلاب يصدرون ضجيجًا في الفصل
الطالب مقدرش يحل المسألة,لم يتمكن الطالب من حل المسألة
المحاضرة كانت ممله جدا,كانت المحاضرة مملة للغاية
المحاضرة كانت ممله جدا,كانت المحاضرة مملة للغاية
احنا محتاجين نشتغل اكتر,نحن بحاجة إلى العمل بجد أكثر
نسي يذاكر الفصل الأخير,نسي أن يذاكر الفصل الأخير
احنا محتاجين نشتغل اكتر,نحن بحاجة إلى العمل بجد أكثر
احنا محتاجين نشتغل اكتر,نحن بحاجة إلى العمل بجد أكثر
هو عدى السؤال من غير ما يحله,تجاوز السؤال دون أن يجيب عليه
النتيجه لسه ماطلعتش,لم تصدر النتيجة بعد
احنا محتاجين نشتغل اكتر,نحن بحاجة إلى العمل بجد أكثر
المحاضرة كانت ممله جدا,كانت المحاضرة مملة للغاية
الدرجات كانت مش مظبوطه,لم تكن الدرجات صحيحة
المعلم ما شرحش كويس,لم يشرح المعلم بشكل جيد
هو عدى السؤال من غير ما يحله,تجاوز السؤال دون أن يجيب عليه
الطالب مقدرش يحل المسألة,لم يتمكن الطالب من حل المسألة
نسي يذاكر الفصل الأخير,نسي أن يذاكر الفصل الأخير
انا مش متأكد من الإجابة,لست متأكدًا من الإجابة
نسي يذاكر الفصل الأخير,نسي أن يذاكر الفصل الأخير
النتيجه لسه ماطلعتش,لم تصدر النتيجة بعد
مفيش وقت نعمل كده دلوقتي,لا يوجد وقت للقيام بذلك الآن
هو مش فاهم الدرس خالص,إنه لا يفهم الدرس على الإطلاق
احنا محتاجين نشتغل اكتر,نحن بحاجة إلى العمل بجد أكثر
الطلبه كانوا بيزعقوا في الفصل,كان الطلاب يصدرون ضجيجًا في الفصل
الدرجات كانت مش مظبوطه,لم تكن الدرجات صحيحة
الطالب مقدرش يحل المسألة,لم يتمكن الطالب من حل المسألة
الامتحان كان صعب اوي,كان الامتحان صعبًا جدًا
انا مش متأكد من الإجابة,لست متأكدًا من الإجابة
انا مش متأكد من الإجابة,لست متأكدًا من الإجابة
انا مش متأكد من الإجابة,لست متأكدًا من الإجابة
هذا الامر لا يستاهل كل دا,هذا الأمر لا يستحق كل هذا
هو مش فاهم الدرس خالص,إنه لا يفهم الدرس على الإطلاق
مفيش وقت نعمل كده دلوقتي,لا يوجد وقت للقيام بذلك الآن
الشرح كان ناقص ومش كفاية,كان الشرح غير كافٍ
المحاضرة كانت ممله جدا,كانت المحاضرة مملة للغاية
الامتحان كان صعب اوي,كان الامتحان صعبًا جدًا
النتيجه لسه ماطلعتش,لم تصدر النتيجة بعد
احنا محتاجين نشتغل اكتر,نحن بحاجة إلى العمل بجد أكثر
هو عدى السؤال من غير ما يحله,تجاوز السؤال دون أن يجيب عليه
هو مش فاهم الدرس خالص,إنه لا يفهم الدرس على الإطلاق
هو مش فاهم الدرس خالص,إنه لا يفهم الدرس على الإطلاق
النتيجه لسه ماطلعتش,لم تصدر النتيجة بعد
هو عدى السؤال من غير ما يحله,تجاوز السؤال دون أن يجيب عليه
نسي يذاكر الفصل الأخير,نسي أن يذاكر الفصل الأخير
المحاضرة كانت ممله جدا,كانت المحاضرة مملة للغاية
احنا محتاجين نشتغل اكتر,نحن بحاجة إلى العمل بجد أكثر
هذا الامر لا يستاهل كل دا,هذا الأمر لا يستحق كل هذا
مفيش وقت نعمل كده دلوقتي,لا يوجد وقت للقيام بذلك الآن
المعلم ما شرحش كويس,لم يشرح المعلم بشكل جيد
احنا محتاجين نشتغل اكتر,نحن بحاجة إلى العمل بجد أكثر
نسي يذاكر الفصل الأخير,نسي أن يذاكر الفصل الأخير
النتيجه لسه ماطلعتش,لم تصدر النتيجة بعد
المعلم ما شرحش كويس,لم يشرح المعلم بشكل جيد
المعلم ما شرحش كويس,لم يشرح المعلم بشكل جيد
احنا محتاجين نشتغل اكتر,نحن بحاجة إلى العمل بجد أكثر
الطالب مقدرش يحل المسألة,لم يتمكن الطالب من حل المسألة
انا مش متأكد من الإجابة,لست متأكدًا من الإجابة
الشرح كان ناقص ومش كفاية,كان الشرح غير كافٍ
المحاضرة كانت ممله جدا,كانت المحاضرة مملة للغاية
الامتحان كان صعب اوي,كان الامتحان صعبًا جدًا
النتيجه لسه ماطلعتش,لم تصدر النتيجة بعد
الشرح كان ناقص ومش كفاية,كان الشرح غير كافٍ
نسي يذاكر الفصل الأخير,نسي أن يذاكر الفصل الأخير
الشرح كان ناقص ومش كفاية,كان الشرح غير كافٍ
المعلم ما شرحش كويس,لم يشرح المعلم بشكل جيد
الدرجات كانت مش مظبوطه,لم تكن الدرجات صحيحة
الطلبه كانوا بيزعقوا في الفصل,كان الطلاب يصدرون ضجيجًا في الفصل
المعلم ما شرحش كويس,لم يشرح المعلم بشكل جيد
الدرجات كانت مش مظبوطه,لم تكن الدرجات صحيحة
النتيجه لسه ماطلعتش,لم تصدر النتيجة بعد
نسي يذاكر الفصل الأخير,نسي أن يذاكر الفصل الأخير
هو مش فاهم الدرس خالص,إنه لا يفهم الدرس على الإطلاق
هو مش فاهم الدرس خالص,إنه لا يفهم الدرس على الإطلاق
احنا محتاجين نشتغل اكتر,نحن بحاجة إلى العمل بجد أكثر
الامتحان كان صعب اوي,كان الامتحان صعبًا جدًا
احنا محتاجين نشتغل اكتر,نحن بحاجة إلى العمل بجد أكثر
الطلبه كانوا بيزعقوا في الفصل,كان الطلاب يصدرون ضجيجًا في الفصل
هو عدى السؤال من غير ما يحله,تجاوز السؤال دون أن يجيب عليه
المحاضرة كانت ممله جدا,كانت المحاضرة مملة للغاية
احنا محتاجين نشتغل اكتر,نحن بحاجة إلى العمل بجد أكثر
انا مش متأكد من الإجابة,لست متأكدًا من الإجابة
المعلم ما شرحش كويس,لم يشرح المعلم بشكل جيد
هو عدى السؤال من غير ما يحله,تجاوز السؤال دون أن يجيب عليه
هذا الامر لا يستاهل كل دا,هذا الأمر لا يستحق كل هذا
المحاضرة كانت ممله جدا,كانت المحاضرة مملة للغاية
هو مش فاهم الدرس خالص,إنه لا يفهم الدرس على الإطلاق
الطالب مقدرش يحل المسألة,لم يتمكن الطالب من حل المسألة
النتيجه لسه ماطلعتش,لم تصدر النتيجة بعد
احنا محتاجين نشتغل اكتر,نحن بحاجة إلى العمل بجد أكثر
الدرجات كانت مش مظبوطه,لم تكن الدرجات صحيحة
المعلم ما شرحش كويس,لم يشرح المعلم بشكل جيد
الشرح كان ناقص ومش كفاية,كان الشرح غير كافٍ
المحاضرة كانت ممله جدا,كانت المحاضرة مملة للغاية
هو مش فاهم الدرس خالص,إنه لا يفهم الدرس على الإطلاق
هذا الامر لا يستاهل كل دا,هذا الأمر لا يستحق كل هذا
نسي يذاكر الفصل الأخير,نسي أن يذاكر الفصل الأخير
احنا محتاجين نشتغل اكتر,نحن بحاجة إلى العمل بجد أكثر
نسي يذاكر الفصل الأخير,نسي أن يذاكر الفصل الأخير
هذا الامر لا يستاهل كل دا,هذا الأمر لا يستحق كل هذا
الشرح كان ناقص ومش كفاية,كان الشرح غير كافٍ
الامتحان كان صعب اوي,كان الامتحان صعبًا جدًا
احنا محتاجين نشتغل اكتر,نحن بحاجة إلى العمل بجد أكثر
انا مش متأكد من الإجابة,لست متأكدًا من الإجابة
نسي يذاكر الفصل الأخير,نسي أن يذاكر الفصل الأخير
المعلم ما شرحش كويس,لم يشرح المعلم بشكل جيد
الدرجات كانت مش مظبوطه,لم تكن الدرجات صحيحة
المعلم ما شرحش كويس,لم يشرح المعلم بشكل جيد
الدرجات كانت مش مظبوطه,لم تكن الدرجات صحيحة
الشرح كان ناقص ومش كفاية,كان الشرح غير كافٍ
الامتحان كان صعب اوي,كان الامتحان صعبًا جدًا
الشرح كان ناقص ومش كفاية,كان الشرح غير كافٍ
نسي يذاكر الفصل الأخير,نسي أن يذاكر الفصل الأخير
هو عدى السؤال من غير ما يحله,تجاوز السؤال دون أن يجيب عليه
هو عدى السؤال من غير ما يحله,تجاوز السؤال دون أن يجيب عليه
مفيش وقت نعمل كده دلوقتي,لا يوجد وقت للقيام بذلك الآن
الطالب مقدرش يحل المسألة,لم يتمكن الطالب من حل المسألة
المحاضرة كانت ممله جدا,كانت المحاضرة مملة للغاية
النتيجه لسه ماطلعتش,لم تصدر النتيجة بعد
الشرح كان ناقص ومش كفاية,كان الشرح غير كافٍ
هو مش فاهم الدرس خالص,إنه لا يفهم الدرس على الإطلاق
مفيش وقت نعمل كده دلوقتي,لا يوجد وقت للقيام بذلك الآن
نسي يذاكر الفصل الأخير,نسي أن يذاكر الفصل الأخير
هو مش فاهم الدرس خالص,إنه لا يفهم الدرس على الإطلاق
مفيش وقت نعمل كده دلوقتي,لا يوجد وقت للقيام بذلك الآن
الطلبه كانوا بيزعقوا في الفصل,كان الطلاب يصدرون ضجيجًا في الفصل
هذا الامر لا يستاهل كل دا,هذا الأمر لا يستحق كل هذا
الطلبه كانوا بيزعقوا في الفصل,كان الطلاب يصدرون ضجيجًا في الفصل
المحاضرة كانت ممله جدا,كانت المحاضرة مملة للغاية
الطلبه كانوا بيزعقوا في الفصل,كان الطلاب يصدرون ضجيجًا في الفصل
المحاضرة كانت ممله جدا,كانت المحاضرة مملة للغاية
النتيجه لسه ماطلعتش,لم تصدر النتيجة بعد
الدرجات كانت مش مظبوطه,لم تكن الدرجات صحيحة
نسي يذاكر الفصل الأخير,نسي أن يذاكر الفصل الأخير
الطلبه كانوا بيزعقوا في الفصل,كان الطلاب يصدرون ضجيجًا في الفصل
نسي يذاكر الفصل الأخير,نسي أن يذاكر الفصل الأخير
احنا محتاجين نشتغل اكتر,نحن بحاجة إلى العمل بجد أكثر
الشرح كان ناقص ومش كفاية,كان الشرح غير كافٍ
الامتحان كان صعب اوي,كان الامتحان صعبًا جدًا
الطالب مقدرش يحل المسألة,لم يتمكن الطالب من حل المسألة
الدرجات كانت مش مظبوطه,لم تكن الدرجات صحيحة
هو مش فاهم الدرس خالص,إنه لا يفهم الدرس على الإطلاق
الشرح كان ناقص ومش كفاية,كان الشرح غير كافٍ
الامتحان كان صعب اوي,كان الامتحان صعبًا جدًا
هو مش فاهم الدرس خالص,إنه لا يفهم الدرس على الإطلاق
المحاضرة كانت ممله جدا,كانت المحاضرة مملة للغاية
الامتحان كان صعب اوي,كان الامتحان صعبًا جدًا
مفيش وقت نعمل كده دلوقتي,لا يوجد وقت للقيام بذلك الآن
المحاضرة كانت ممله جدا,كانت المحاضرة مملة للغاية
الشرح كان ناقص ومش كفاية,كان الشرح غير كافٍ
الطالب مقدرش يحل المسألة,لم يتمكن الطالب من حل المسألة
الطالب مقدرش يحل المسألة,لم يتمكن الطالب من حل المسألة
مفيش وقت نعمل كده دلوقتي,لا يوجد وقت للقيام بذلك الآن
مفيش وقت نعمل كده دلوقتي,لا يوجد وقت للقيام بذلك الآن
المعلم ما شرحش كويس,لم يشرح المعلم بشكل جيد
هذا الامر لا يستاهل كل دا,هذا الأمر لا يستحق كل هذا
احنا محتاجين نشتغل اكتر,نحن بحاجة إلى العمل بجد أكثر
هو عدى السؤال من غير ما يحله,تجاوز السؤال دون أن يجيب عليه
الطلبه كانوا بيزعقوا في الفصل,كان الطلاب يصدرون ضجيجًا في الفصل
المعلم ما شرحش كويس,لم يشرح المعلم بشكل جيد
نسي يذاكر الفصل الأخير,نسي أن يذاكر الفصل الأخير
احنا محتاجين نشتغل اكتر,نحن بحاجة إلى العمل بجد أكثر
الطالب مقدرش يحل المسألة,لم يتمكن الطالب من حل المسألة
هو عدى السؤال من غير ما يحله,تجاوز السؤال دون أن يجيب عليه
احنا محتاجين نشتغل اكتر,نحن بحاجة إلى العمل بجد أكثر
هذا الامر لا يستاهل كل دا,هذا الأمر لا يستحق كل هذا
المحاضرة كانت ممله جدا,كانت المحاضرة مملة للغاية
احنا محتاجين نشتغل اكتر,نحن بحاجة إلى العمل بجد أكثر
الشرح كان ناقص ومش كفاية,كان الشرح غير كافٍ
الامتحان كان صعب اوي,كان الامتحان صعبًا جدًا
احنا محتاجين نشتغل اكتر,نحن بحاجة إلى العمل بجد أكثر
الطلبه كانوا بيزعقوا في الفصل,كان الطلاب يصدرون ضجيجًا في الفصل
هو مش فاهم الدرس خالص,إنه لا يفهم الدرس على الإطلاق
الدرجات كانت مش مظبوطه,لم تكن الدرجات صحيحة
المعلم ما شرحش كويس,لم يشرح المعلم بشكل جيد
هو مش فاهم الدرس خالص,إنه لا يفهم الدرس على الإطلاق
الطلبه كانوا بيزعقوا في الفصل,كان الطلاب يصدرون ضجيجًا في الفصل
الدرجات كانت مش مظبوطه,لم تكن الدرجات صحيحة
انا مش متأكد من الإجابة,لست متأكدًا من الإجابة
هذا الامر لا يستاهل كل دا,هذا الأمر لا يستحق كل هذا
الطلبه كانوا بيزعقوا في الفصل,كان الطلاب يصدرون ضجيجًا في الفصل
النتيجه لسه ماطلعتش,لم تصدر النتيجة بعد
هو عدى السؤال من غير ما يحله,تجاوز السؤال دون أن يجيب عليه
الدرجات كانت مش مظبوطه,لم تكن الدرجات صحيحة
الشرح كان ناقص ومش كفاية,كان الشرح غير كافٍ
احنا محتاجين نشتغل اكتر,نحن بحاجة إلى العمل بجد أكثر
الشرح كان ناقص ومش كفاية,كان الشرح غير كافٍ
مفيش وقت نعمل كده دلوقتي,لا يوجد وقت للقيام بذلك الآن
انا مش متأكد من الإجابة,لست متأكدًا من الإجابة
الشرح كان ناقص ومش كفاية,كان الشرح غير كافٍ
الطلبه كانوا بيزعقوا في الفصل,كان الطلاب يصدرون ضجيجًا في الفصل
هو مش فاهم الدرس خالص,إنه لا يفهم الدرس على الإطلاق
نسي يذاكر الفصل الأخير,نسي أن يذاكر الفصل الأخير
هو مش فاهم الدرس خالص,إنه لا يفهم الدرس على الإطلاق
هو مش فاهم الدرس خالص,إنه لا يفهم الدرس على الإطلاق
نسي يذاكر الفصل الأخير,نسي أن يذاكر الفصل الأخير
انا مش متأكد من الإجابة,لست متأكدًا من الإجابة
هو مش فاهم الدرس خالص,إنه لا يفهم الدرس على الإطلاق
الشرح كان ناقص ومش كفاية,كان الشرح غير كافٍ
الامتحان كان صعب اوي,كان الامتحان صعبًا جدًا
مفيش وقت نعمل كده دلوقتي,لا يوجد وقت للقيام بذلك الآن
نسي يذاكر الفصل الأخير,نسي أن يذاكر الفصل الأخير
انا مش متأكد من الإجابة,لست متأكدًا من الإجابة
النتيجه لسه ماطلعتش,لم تصدر النتيجة بعد
نسي يذاكر الفصل الأخير,نسي أن يذاكر الفصل الأخير
مفيش وقت نعمل كده دلوقتي,لا يوجد وقت للقيام بذلك الآن
الطلبه كانوا بيزعقوا في الفصل,كان الطلاب يصدرون ضجيجًا في الفصل
الدرجات كانت مش مظبوطه,لم تكن الدرجات صحيحة
انا مش متأكد من الإجابة,لست متأكدًا من الإجابة
نسي يذاكر الفصل الأخير,نسي أن يذاكر الفصل الأخير
نسي يذاكر الفصل الأخير,نسي أن يذاكر الفصل الأخير
الدرجات كانت مش مظبوطه,لم تكن الدرجات صحيحة
الدرجات كانت مش مظبوطه,لم تكن الدرجات صحيحة
احنا محتاجين نشتغل اكتر,نحن بحاجة إلى العمل بجد أكثر
الطلبه كانوا بيزعقوا في الفصل,كان الطلاب يصدرون ضجيجًا في الفصل
مفيش وقت نعمل كده دلوقتي,لا يوجد وقت للقيام بذلك الآن
الطلبه كانوا بيزعقوا في الفصل,كان الطلاب يصدرون ضجيجًا في الفصل
هذا الامر لا يستاهل كل دا,هذا الأمر لا يستحق كل هذا
الطلبه كانوا بيزعقوا في الفصل,كان الطلاب يصدرون ضجيجًا في الفصل
الشرح كان ناقص ومش كفاية,كان الشرح غير كافٍ
احنا محتاجين نشتغل اكتر,نحن بحاجة إلى العمل بجد أكثر
نسي يذاكر الفصل الأخير,نسي أن يذاكر الفصل الأخير
انا مش متأكد من الإجابة,لست متأكدًا من الإجابة
الطالب مقدرش يحل المسألة,لم يتمكن الطالب من حل المسألة
الطلبه كانوا بيزعقوا في الفصل,كان الطلاب يصدرون ضجيجًا في الفصل
الطالب مقدرش يحل المسألة,لم يتمكن الطالب من حل المسألة
المحاضرة كانت ممله جدا,كانت المحاضرة مملة للغاية
الامتحان كان صعب اوي,كان الامتحان صعبًا جدًا
هو عدى السؤال من غير ما يحله,تجاوز السؤال دون أن يجيب عليه
الشرح كان ناقص ومش كفاية,كان الشرح غير كافٍ
المعلم ما شرحش كويس,لم يشرح المعلم بشكل جيد
هو عدى السؤال من غير ما يحله,تجاوز السؤال دون أن يجيب عليه
الطالب مقدرش يحل المسألة,لم يتمكن الطالب من حل المسألة
هو مش فاهم الدرس خالص,إنه لا يفهم الدرس على الإطلاق
نسي يذاكر الفصل الأخير,نسي أن يذاكر الفصل الأخير
احنا محتاجين نشتغل اكتر,نحن بحاجة إلى العمل بجد أكثر
الشرح كان ناقص ومش كفاية,كان الشرح غير كافٍ
الطلبه كانوا بيزعقوا في الفصل,كان الطلاب يصدرون ضجيجًا في الفصل
هو عدى السؤال من غير ما يحله,تجاوز السؤال دون أن يجيب عليه
الطلبه كانوا بيزعقوا في الفصل,كان الطلاب يصدرون ضجيجًا في الفصل
المعلم ما شرحش كويس,لم يشرح المعلم بشكل جيد
احنا محتاجين نشتغل اكتر,نحن بحاجة إلى العمل بجد أكثر
الشرح كان ناقص ومش كفاية,كان الشرح غير كافٍ
الطلبه كانوا بيزعقوا في الفصل,كان الطلاب يصدرون ضجيجًا في الفصل
انا مش متأكد من الإجابة,لست متأكدًا من الإجابة
هذا الامر لا يستاهل كل دا,هذا الأمر لا يستحق كل هذا
انا مش متأكد من الإجابة,لست متأكدًا من الإجابة
مفيش وقت نعمل كده دلوقتي,لا يوجد وقت للقيام بذلك الآن
المعلم ما شرحش كويس,لم يشرح المعلم بشكل جيد
هو مش فاهم الدرس خالص,إنه لا يفهم الدرس على الإطلاق
الطلبه كانوا بيزعقوا في الفصل,كان الطلاب يصدرون ضجيجًا في الفصل
الامتحان كان صعب اوي,كان الامتحان صعبًا جدًا
هو عدى السؤال من غير ما يحله,تجاوز السؤال دون أن يجيب عليه
الطلبه كانوا بيزعقوا في الفصل,كان الطلاب يصدرون ضجيجًا في الفصل
مفيش وقت نعمل كده دلوقتي,لا يوجد وقت للقيام بذلك الآن
احنا محتاجين نشتغل اكتر,نحن بحاجة إلى العمل بجد أكثر
نسي يذاكر الفصل الأخير,نسي أن يذاكر الفصل الأخير
الشرح كان ناقص ومش كفاية,كان الشرح غير كافٍ
الطلبه كانوا بيزعقوا في الفصل,كان الطلاب يصدرون ضجيجًا في الفصل
مفيش وقت نعمل كده دلوقتي,لا يوجد وقت للقيام بذلك الآن
هو عدى السؤال من غير ما يحله,تجاوز السؤال دون أن يجيب عليه
الدرجات كانت مش مظبوطه,لم تكن الدرجات صحيحة
هو عدى السؤال من غير ما يحله,تجاوز السؤال دون أن يجيب عليه
الدرجات كانت مش مظبوطه,لم تكن الدرجات صحيحة
نسي يذاكر الفصل الأخير,نسي أن يذاكر الفصل الأخير
المعلم ما شرحش كويس,لم يشرح المعلم بشكل جيد
المعلم ما شرحش كويس,لم يشرح المعلم بشكل جيد
هو عدى السؤال من غير ما يحله,تجاوز السؤال دون أن يجيب عليه
الطلبه كانوا بيزعقوا في الفصل,كان الطلاب يصدرون ضجيجًا في الفصل
نسي يذاكر الفصل الأخير,نسي أن يذاكر الفصل الأخير
النتيجه لسه ماطلعتش,لم تصدر النتيجة بعد
المحاضرة كانت ممله جدا,كانت المحاضرة مملة للغاية
هذا الامر لا يستاهل كل دا,هذا الأمر لا يستحق كل هذا
مفيش وقت نعمل كده دلوقتي,لا يوجد وقت للقيام بذلك الآن
هو عدى السؤال من غير ما يحله,تجاوز السؤال دون أن يجيب عليه
انا مش متأكد من الإجابة,لست متأكدًا من الإجابة
الشرح كان ناقص ومش كفاية,كان الشرح غير كافٍ
هذا الامر لا يستاهل كل دا,هذا الأمر لا يستحق كل هذا
هو عدى السؤال من غير ما يحله,تجاوز السؤال دون أن يجيب عليه
انا مش متأكد من الإجابة,لست متأكدًا من الإجابة
الشرح كان ناقص ومش كفاية,كان الشرح غير كافٍ
النتيجه لسه ماطلعتش,لم تصدر النتيجة بعد
الطالب مقدرش يحل المسألة,لم يتمكن الطالب من حل المسألة
النتيجه لسه ماطلعتش,لم تصدر النتيجة بعد
هذا الامر لا يستاهل كل دا,هذا الأمر لا يستحق كل هذا
الطالب مقدرش يحل المسألة,لم يتمكن الطالب من حل المسألة
احنا محتاجين نشتغل اكتر,نحن بحاجة إلى العمل بجد أكثر
الامتحان كان صعب اوي,كان الامتحان صعبًا جدًا
هو عدى السؤال من غير ما يحله,تجاوز السؤال دون أن يجيب عليه
نسي يذاكر الفصل الأخير,نسي أن يذاكر الفصل الأخير
هو عدى السؤال من غير ما يحله,تجاوز السؤال دون أن يجيب عليه
هو مش فاهم الدرس خالص,إنه لا يفهم الدرس على الإطلاق
الطلبه كانوا بيزعقوا في الفصل,كان الطلاب يصدرون ضجيجًا في الفصل
مفيش وقت نعمل كده دلوقتي,لا يوجد وقت للقيام بذلك الآن
النتيجه لسه ماطلعتش,لم تصدر النتيجة بعد
هو عدى السؤال من غير ما يحله,تجاوز السؤال دون أن يجيب عليه
المعلم ما شرحش كويس,لم يشرح المعلم بشكل جيد
هو مش فاهم الدرس خالص,إنه لا يفهم الدرس على الإطلاق
انا مش متأكد من الإجابة,لست متأكدًا من الإجابة
الشرح كان ناقص ومش كفاية,كان الشرح غير كافٍ
انا مش متأكد من الإجابة,لست متأكدًا من الإجابة
هو عدى السؤال من غير ما يحله,تجاوز السؤال دون أن يجيب عليه
الطالب مقدرش يحل المسألة,لم يتمكن الطالب من حل المسألة
الطلبه كانوا بيزعقوا في الفصل,كان الطلاب يصدرون ضجيجًا في الفصل
المحاضرة كانت ممله جدا,كانت المحاضرة مملة للغاية
هو عدى السؤال من غير ما يحله,تجاوز السؤال دون أن يجيب عليه
هذا الامر لا يستاهل كل دا,هذا الأمر لا يستحق كل هذا
احنا محتاجين نشتغل اكتر,نحن بحاجة إلى العمل بجد أكثر
انا مش متأكد من الإجابة,لست متأكدًا من الإجابة
المحاضرة كانت ممله جدا,كانت المحاضرة مملة للغاية
هو عدى السؤال من غير ما يحله,تجاوز السؤال دون أن يجيب عليه
احنا محتاجين نشتغل اكتر,نحن بحاجة إلى العمل بجد أكثر
هو مش فاهم الدرس خالص,إنه لا يفهم الدرس على الإطلاق
انا مش متأكد من الإجابة,لست متأكدًا من الإجابة
الشرح كان ناقص ومش كفاية,كان الشرح غير كافٍ
مفيش وقت نعمل كده دلوقتي,لا يوجد وقت للقيام بذلك الآن
هو مش فاهم الدرس خالص,إنه لا يفهم الدرس على الإطلاق
نسي يذاكر الفصل الأخير,نسي أن يذاكر الفصل الأخير
انا مش متأكد من الإجابة,لست متأكدًا من الإجابة
احنا محتاجين نشتغل اكتر,نحن بحاجة إلى العمل بجد أكثر
الامتحان كان صعب اوي,كان الامتحان صعبًا جدًا
الدرجات كانت مش مظبوطه,لم تكن الدرجات صحيحة
الشرح كان ناقص ومش كفاية,كان الشرح غير كافٍ
نسي يذاكر الفصل الأخير,نسي أن يذاكر الفصل الأخير
الامتحان كان صعب اوي,كان الامتحان صعبًا جدًا
هذا الامر لا يستاهل كل دا,هذا الأمر لا يستحق كل هذا
هو عدى السؤال من غير ما يحله,تجاوز السؤال دون أن يجيب عليه
هذا الامر لا يستاهل كل دا,هذا الأمر لا يستحق كل هذا
احنا محتاجين نشتغل اكتر,نحن بحاجة إلى العمل بجد أكثر
انا مش متأكد من الإجابة,لست متأكدًا من الإجابة
الشرح كان ناقص ومش كفاية,كان الشرح غير كافٍ
المعلم ما شرحش كويس,لم يشرح المعلم بشكل جيد
الشرح كان ناقص ومش كفاية,كان الشرح غير كافٍ
الطالب مقدرش يحل المسألة,لم يتمكن الطالب من حل المسألة
الدرجات كانت مش مظبوطه,لم تكن الدرجات صحيحة
الطلبه كانوا بيزعقوا في الفصل,كان الطلاب يصدرون ضجيجًا في الفصل
هو مش فاهم الدرس خالص,إنه لا يفهم الدرس على الإطلاق
الطلبه كانوا بيزعقوا في الفصل,كان الطلاب يصدرون ضجيجًا في الفصل
الشرح كان ناقص ومش كفاية,كان الشرح غير كافٍ
الطالب مقدرش يحل المسألة,لم يتمكن الطالب من حل المسألة
هو مش فاهم الدرس خالص,إنه لا يفهم الدرس على الإطلاق
الدرجات كانت مش مظبوطه,لم تكن الدرجات صحيحة
مفيش وقت نعمل كده دلوقتي,لا يوجد وقت للقيام بذلك الآن
الطالب مقدرش يحل المسألة,لم يتمكن الطالب من حل المسألة
الدرجات كانت مش مظبوطه,لم تكن الدرجات صحيحة
نسي يذاكر الفصل الأخير,نسي أن يذاكر الفصل الأخير
الطلبه كانوا بيزعقوا في الفصل,كان الطلاب يصدرون ضجيجًا في الفصل
هو عدى السؤال من غير ما يحله,تجاوز السؤال دون أن يجيب عليه
الدرجات كانت مش مظبوطه,لم تكن الدرجات صحيحة
احنا محتاجين نشتغل اكتر,نحن بحاجة إلى العمل بجد أكثر
الشرح كان ناقص ومش كفاية,كان الشرح غير كافٍ
مفيش وقت نعمل كده دلوقتي,لا يوجد وقت للقيام بذلك الآن
المعلم ما شرحش كويس,لم يشرح المعلم بشكل جيد
انا مش متأكد من الإجابة,لست متأكدًا من الإجابة
الامتحان كان صعب اوي,كان الامتحان صعبًا جدًا
الدرجات كانت مش مظبوطه,لم تكن الدرجات صحيحة
الطلبه كانوا بيزعقوا في الفصل,كان الطلاب يصدرون ضجيجًا في الفصل
النتيجه لسه ماطلعتش,لم تصدر النتيجة بعد
الشرح كان ناقص ومش كفاية,كان الشرح غير كافٍ
الطالب مقدرش يحل المسألة,لم يتمكن الطالب من حل المسألة
هو عدى السؤال من غير ما يحله,تجاوز السؤال دون أن يجيب عليه
انا مش متأكد من الإجابة,لست متأكدًا من الإجابة
هو عدى السؤال من غير ما يحله,تجاوز السؤال دون أن يجيب عليه
الطالب مقدرش يحل المسألة,لم يتمكن الطالب من حل المسألة
احنا محتاجين نشتغل اكتر,نحن بحاجة إلى العمل بجد أكثر
مفيش وقت نعمل كده دلوقتي,لا يوجد وقت للقيام بذلك الآن
الطالب مقدرش يحل المسألة,لم يتمكن الطالب من حل المسألة
مفيش وقت نعمل كده دلوقتي,لا يوجد وقت للقيام بذلك الآن
الطلبه كانوا بيزعقوا في الفصل,كان الطلاب يصدرون ضجيجًا في الفصل
هو مش فاهم الدرس خالص,إنه لا يفهم الدرس على الإطلاق
انا مش متأكد من الإجابة,لست متأكدًا من الإجابة
الطلبه كانوا بيزعقوا في الفصل,كان الطلاب يصدرون ضجيجًا في الفصل
النتيجه لسه ماطلعتش,لم تصدر النتيجة بعد
النتيجه لسه ماطلعتش,لم تصدر النتيجة بعد
النتيجه لسه ماطلعتش,لم تصدر النتيجة بعد
انا مش متأكد من الإجابة,لست متأكدًا من الإجابة
مفيش وقت نعمل كده دلوقتي,لا يوجد وقت للقيام بذلك الآن
هذا الامر لا يستاهل كل دا,هذا الأمر لا يستحق كل هذا
الشرح كان ناقص ومش كفاية,كان الشرح غير كافٍ
هو عدى السؤال من غير ما يحله,تجاوز السؤال دون أن يجيب عليه
انا مش متأكد من الإجابة,لست متأكدًا من الإجابة
الطلبه كانوا بيزعقوا في الفصل,كان الطلاب يصدرون ضجيجًا في الفصل
الشرح كان ناقص ومش كفاية,كان الشرح غير كافٍ
الشرح كان ناقص ومش كفاية,كان الشرح غير كافٍ
الطالب مقدرش يحل المسألة,لم يتمكن الطالب من حل المسألة
مفيش وقت نعمل كده دلوقتي,لا يوجد وقت للقيام بذلك الآن
الامتحان كان صعب اوي,كان الامتحان صعبًا جدًا
النتيجه لسه ماطلعتش,لم تصدر النتيجة بعد
الشرح كان ناقص ومش كفاية,كان الشرح غير كافٍ
الدرجات كانت مش مظبوطه,لم تكن الدرجات صحيحة
هذا الامر لا يستاهل كل دا,هذا الأمر لا يستحق كل هذا
المعلم ما شرحش كويس,لم يشرح المعلم بشكل جيد
المعلم ما شرحش كويس,لم يشرح المعلم بشكل جيد
النتيجه لسه ماطلعتش,لم تصدر النتيجة بعد
مفيش وقت نعمل كده دلوقتي,لا يوجد وقت للقيام بذلك الآن
هو عدى السؤال من غير ما يحله,تجاوز السؤال دون أن يجيب عليه
الطالب مقدرش يحل المسألة,لم يتمكن الطالب من حل المسألة
مفيش وقت نعمل كده دلوقتي,لا يوجد وقت للقيام بذلك الآن
هو عدى السؤال من غير ما يحله,تجاوز السؤال دون أن يجيب عليه
الشرح كان ناقص ومش كفاية,كان الشرح غير كافٍ
الطالب مقدرش يحل المسألة,لم يتمكن الطالب من حل المسألة
مفيش وقت نعمل كده دلوقتي,لا يوجد وقت للقيام بذلك الآن
الطالب مقدرش يحل المسألة,لم يتمكن الطالب من حل المسألة
انا مش متأكد من الإجابة,لست متأكدًا من الإجابة
المحاضرة كانت ممله جدا,كانت المحاضرة مملة للغاية
الطلبه كانوا بيزعقوا في الفصل,كان الطلاب يصدرون ضجيجًا في الفصل
النتيجه لسه ماطلعتش,لم تصدر النتيجة بعد
الامتحان كان صعب اوي,كان الامتحان صعبًا جدًا
المعلم ما شرحش كويس,لم يشرح المعلم بشكل جيد
هذا الامر لا يستاهل كل دا,هذا الأمر لا يستحق كل هذا
الامتحان كان صعب اوي,كان الامتحان صعبًا جدًا
الامتحان كان صعب اوي,كان الامتحان صعبًا جدًا
انا مش متأكد من الإجابة,لست متأكدًا من الإجابة
احنا محتاجين نشتغل اكتر,نحن بحاجة إلى العمل بجد أكثر
هذا الامر لا يستاهل كل دا,هذا الأمر لا يستحق كل هذا
الدرجات كانت مش مظبوطه,لم تكن الدرجات صحيحة
مفيش وقت نعمل كده دلوقتي,لا يوجد وقت للقيام بذلك الآن
الامتحان كان صعب اوي,كان الامتحان صعبًا جدًا
انا مش متأكد من الإجابة,لست متأكدًا من الإجابة
هو مش فاهم الدرس خالص,إنه لا يفهم الدرس على الإطلاق
هو مش فاهم الدرس خالص,إنه لا يفهم الدرس على الإطلاق
الامتحان كان صعب اوي,كان الامتحان صعبًا جدًا
النتيجه لسه ماطلعتش,لم تصدر النتيجة بعد
المعلم ما شرحش كويس,لم يشرح المعلم بشكل جيد
هو عدى السؤال من غير ما يحله,تجاوز السؤال دون أن يجيب عليه
الامتحان كان صعب اوي,كان الامتحان صعبًا جدًا
الطلبه كانوا بيزعقوا في الفصل,كان الطلاب يصدرون ضجيجًا في الفصل
احنا محتاجين نشتغل اكتر,نحن بحاجة إلى العمل بجد أكثر
مفيش وقت نعمل كده دلوقتي,لا يوجد وقت للقيام بذلك الآن
الطلبه كانوا بيزعقوا في الفصل,كان الطلاب يصدرون ضجيجًا في الفصل
مفيش وقت نعمل كده دلوقتي,لا يوجد وقت للقيام بذلك الآن
هذا الامر لا يستاهل كل دا,هذا الأمر لا يستحق كل هذا
الامتحان كان صعب اوي,كان الامتحان صعبًا جدًا
المحاضرة كانت ممله جدا,كانت المحاضرة مملة للغاية
هو مش فاهم الدرس خالص,إنه لا يفهم الدرس على الإطلاق
هو عدى السؤال من غير ما يحله,تجاوز السؤال دون أن يجيب عليه
احنا محتاجين نشتغل اكتر,نحن بحاجة إلى العمل بجد أكثر
مفيش وقت نعمل كده دلوقتي,لا يوجد وقت للقيام بذلك الآن
هو مش فاهم الدرس خالص,إنه لا يفهم الدرس على الإطلاق
نسي يذاكر الفصل الأخير,نسي أن يذاكر الفصل الأخير
هو عدى السؤال من غير ما يحله,تجاوز السؤال دون أن يجيب عليه
نسي يذاكر الفصل الأخير,نسي أن يذاكر الفصل الأخير
الطلبه كانوا بيزعقوا في الفصل,كان الطلاب يصدرون ضجيجًا في الفصل
هو مش فاهم الدرس خالص,إنه لا يفهم الدرس على الإطلاق
الطلبه كانوا بيزعقوا في الفصل,كان الطلاب يصدرون ضجيجًا في الفصل
هذا الامر لا يستاهل كل دا,هذا الأمر لا يستحق كل هذا
احنا محتاجين نشتغل اكتر,نحن بحاجة إلى العمل بجد أكثر
نسي يذاكر الفصل الأخير,نسي أن يذاكر الفصل الأخير
الطلبه كانوا بيزعقوا في الفصل,كان الطلاب يصدرون ضجيجًا في الفصل
هذا الامر لا يستاهل كل دا,هذا الأمر لا يستحق كل هذا
الطالب مقدرش يحل المسألة,لم يتمكن الطالب من حل المسألة
الطلبه كانوا بيزعقوا في الفصل,كان الطلاب يصدرون ضجيجًا في الفصل
مفيش وقت نعمل كده دلوقتي,لا يوجد وقت للقيام بذلك الآن
هو عدى السؤال من غير ما يحله,تجاوز السؤال دون أن يجيب عليه
المعلم ما شرحش كويس,لم يشرح المعلم بشكل جيد
الدرجات كانت مش مظبوطه,لم تكن الدرجات صحيحة
هو عدى السؤال من غير ما يحله,تجاوز السؤال دون أن يجيب عليه
هو مش فاهم الدرس خالص,إنه لا يفهم الدرس على الإطلاق
النتيجه لسه ماطلعتش,لم تصدر النتيجة بعد
الطالب مقدرش يحل المسألة,لم يتمكن الطالب من حل المسألة
الطلبه كانوا بيزعقوا في الفصل,كان الطلاب يصدرون ضجيجًا في الفصل
احنا محتاجين نشتغل اكتر,نحن بحاجة إلى العمل بجد أكثر
نسي يذاكر الفصل الأخير,نسي أن يذاكر الفصل الأخير
نسي يذاكر الفصل الأخير,نسي أن يذاكر الفصل الأخير
هذا الامر لا يستاهل كل دا,هذا الأمر لا يستحق كل هذا
النتيجه لسه ماطلعتش,لم تصدر النتيجة بعد
نسي يذاكر الفصل الأخير,نسي أن يذاكر الفصل الأخير
الشرح كان ناقص ومش كفاية,كان الشرح غير كافٍ
المعلم ما شرحش كويس,لم يشرح المعلم بشكل جيد
الامتحان كان صعب اوي,كان الامتحان صعبًا جدًا
الامتحان كان صعب اوي,كان الامتحان صعبًا جدًا
نسي يذاكر الفصل الأخير,نسي أن يذاكر الفصل الأخير
المعلم ما شرحش كويس,لم يشرح المعلم بشكل جيد
هو مش فاهم الدرس خالص,إنه لا يفهم الدرس على الإطلاق
احنا محتاجين نشتغل اكتر,نحن بحاجة إلى العمل بجد أكثر
انا مش متأكد من الإجابة,لست متأكدًا من الإجابة
هو عدى السؤال من غير ما يحله,تجاوز السؤال دون أن يجيب عليه
هذا الامر لا يستاهل كل دا,هذا الأمر لا يستحق كل هذا
الطالب مقدرش يحل المسألة,لم يتمكن الطالب من حل المسألة
الشرح كان ناقص ومش كفاية,كان الشرح غير كافٍ
الطلبه كانوا بيزعقوا في الفصل,كان الطلاب يصدرون ضجيجًا في الفصل
المعلم ما شرحش كويس,لم يشرح المعلم بشكل جيد
هذا الامر لا يستاهل كل دا,هذا الأمر لا يستحق كل هذا
هذا الامر لا يستاهل كل دا,هذا الأمر لا يستحق كل هذا
الطالب مقدرش يحل المسألة,لم يتمكن الطالب من حل المسألة
هو مش فاهم الدرس خالص,إنه لا يفهم الدرس على الإطلاق
هو عدى السؤال من غير ما يحله,تجاوز السؤال دون أن يجيب عليه
هذا الامر لا يستاهل كل دا,هذا الأمر لا يستحق كل هذا
الطالب مقدرش يحل المسألة,لم يتمكن الطالب من حل المسألة
احنا محتاجين نشتغل اكتر,نحن بحاجة إلى العمل بجد أكثر
النتيجه لسه ماطلعتش,لم تصدر النتيجة بعد
الشرح كان ناقص ومش كفاية,كان الشرح غير كافٍ
هذا الامر لا يستاهل كل دا,هذا الأمر لا يستحق كل هذا
هذا الامر لا يستاهل كل دا,هذا الأمر لا يستحق كل هذا
الامتحان كان صعب اوي,كان الامتحان صعبًا جدًا
هذا الامر لا يستاهل كل دا,هذا الأمر لا يستحق كل هذا
هذا الامر لا يستاهل كل دا,هذا الأمر لا يستحق كل هذا
الطلبه كانوا بيزعقوا في الفصل,كان الطلاب يصدرون ضجيجًا في الفصل
مفيش وقت نعمل كده دلوقتي,لا يوجد وقت للقيام بذلك الآن
المعلم ما شرحش كويس,لم يشرح المعلم بشكل جيد
نسي يذاكر الفصل الأخير,نسي أن يذاكر الفصل الأخير
المعلم ما شرحش كويس,لم يشرح المعلم بشكل جيد
نسي يذاكر الفصل الأخير,نسي أن يذاكر الفصل الأخير
الطلبه كانوا بيزعقوا في الفصل,كان الطلاب يصدرون ضجيجًا في الفصل
الشرح كان ناقص ومش كفاية,كان الشرح غير كافٍ
النتيجه لسه ماطلعتش,لم تصدر النتيجة بعد
نسي يذاكر الفصل الأخير,نسي أن يذاكر الفصل الأخير
الطلبه كانوا بيزعقوا في الفصل,كان الطلاب يصدرون ضجيجًا في الفصل
المحاضرة كانت ممله جدا,كانت المحاضرة مملة للغاية
انا مش متأكد من الإجابة,لست متأكدًا من الإجابة
النتيجه لسه ماطلعتش,لم تصدر النتيجة بعد
الطالب مقدرش يحل المسألة,لم يتمكن الطالب من حل المسألة
هو مش فاهم الدرس خالص,إنه لا يفهم الدرس على الإطلاق
هو عدى السؤال من غير ما يحله,تجاوز السؤال دون أن يجيب عليه
احنا محتاجين نشتغل اكتر,نحن بحاجة إلى العمل بجد أكثر
الطلبه كانوا بيزعقوا في الفصل,كان الطلاب يصدرون ضجيجًا في الفصل
الطالب مقدرش يحل المسألة,لم يتمكن الطالب من حل المسألة
هذا الامر لا يستاهل كل دا,هذا الأمر لا يستحق كل هذا
المحاضرة كانت ممله جدا,كانت المحاضرة مملة للغاية
الطالب مقدرش يحل المسألة,لم يتمكن الطالب من حل المسألة
النتيجه لسه ماطلعتش,لم تصدر النتيجة بعد
النتيجه لسه ماطلعتش,لم تصدر النتيجة بعد
مفيش وقت نعمل كده دلوقتي,لا يوجد وقت للقيام بذلك الآن
الامتحان كان صعب اوي,كان الامتحان صعبًا جدًا
الشرح كان ناقص ومش كفاية,كان الشرح غير كافٍ
النتيجه لسه ماطلعتش,لم تصدر النتيجة بعد
هو مش فاهم الدرس خالص,إنه لا يفهم الدرس على الإطلاق
هو عدى السؤال من غير ما يحله,تجاوز السؤال دون أن يجيب عليه
نسي يذاكر الفصل الأخير,نسي أن يذاكر الفصل الأخير
المعلم ما شرحش كويس,لم يشرح المعلم بشكل جيد
الشرح كان ناقص ومش كفاية,كان الشرح غير كافٍ
النتيجه لسه ماطلعتش,لم تصدر النتيجة بعد
الدرجات كانت مش مظبوطه,لم تكن الدرجات صحيحة
النتيجه لسه ماطلعتش,لم تصدر النتيجة بعد
الدرجات كانت مش مظبوطه,لم تكن الدرجات صحيحة
الطلبه كانوا بيزعقوا في الفصل,كان الطلاب يصدرون ضجيجًا في الفصل
الطلبه كانوا بيزعقوا في الفصل,كان الطلاب يصدرون ضجيجًا في الفصل
الشرح كان ناقص ومش كفاية,كان الشرح غير كافٍ
الطالب مقدرش يحل المسألة,لم يتمكن الطالب من حل المسألة
نسي يذاكر الفصل الأخير,نسي أن يذاكر الفصل الأخير
انا مش متأكد من الإجابة,لست متأكدًا من الإجابة
النتيجه لسه ماطلعتش,لم تصدر النتيجة بعد
هو مش فاهم الدرس خالص,إنه لا يفهم الدرس على الإطلاق
المحاضرة كانت ممله جدا,كانت المحاضرة مملة للغاية
انا مش متأكد من الإجابة,لست متأكدًا من الإجابة
نسي يذاكر الفصل الأخير,نسي أن يذاكر الفصل الأخير
النتيجه لسه ماطلعتش,لم تصدر النتيجة بعد
الطالب مقدرش يحل المسألة,لم يتمكن الطالب من حل المسألة
الطالب مقدرش يحل المسألة,لم يتمكن الطالب من حل المسألة
هذا الامر لا يستاهل كل دا,هذا الأمر لا يستحق كل هذا
نسي يذاكر الفصل الأخير,نسي أن يذاكر الفصل الأخير
هو مش فاهم الدرس خالص,إنه لا يفهم الدرس على الإطلاق
نسي يذاكر الفصل الأخير,نسي أن يذاكر الفصل الأخير
الشرح كان ناقص ومش كفاية,كان الشرح غير كافٍ
المحاضرة كانت ممله جدا,كانت المحاضرة مملة للغاية
الدرجات كانت مش مظبوطه,لم تكن الدرجات صحيحة
الطلبه كانوا بيزعقوا في الفصل,كان الطلاب يصدرون ضجيجًا في الفصل
المعلم ما شرحش كويس,لم يشرح المعلم بشكل جيد
هذا الامر لا يستاهل كل دا,هذا الأمر لا يستحق كل هذا
هو مش فاهم الدرس خالص,إنه لا يفهم الدرس على الإطلاق
هو مش فاهم الدرس خالص,إنه لا يفهم الدرس على الإطلاق
مفيش وقت نعمل كده دلوقتي,لا يوجد وقت للقيام بذلك الآن
انا مش متأكد من الإجابة,لست متأكدًا من الإجابة
انا مش متأكد من الإجابة,لست متأكدًا من الإجابة
الدرجات كانت مش مظبوطه,لم تكن الدرجات صحيحة
نسي يذاكر الفصل الأخير,نسي أن يذاكر الفصل الأخير
المعلم ما شرحش كويس,لم يشرح المعلم بشكل جيد
هذا الامر لا يستاهل كل دا,هذا الأمر لا يستحق كل هذا
المحاضرة كانت ممله جدا,كانت المحاضرة مملة للغاية
الامتحان كان صعب اوي,كان الامتحان صعبًا جدًا
نسي يذاكر الفصل الأخير,نسي أن يذاكر الفصل الأخير
نسي يذاكر الفصل الأخير,نسي أن يذاكر الفصل الأخير
الطالب مقدرش يحل المسألة,لم يتمكن الطالب من حل المسألة
المعلم ما شرحش كويس,لم يشرح المعلم بشكل جيد
هو مش فاهم الدرس خالص,إنه لا يفهم الدرس على الإطلاق
الطالب مقدرش يحل المسألة,لم يتمكن الطالب من حل المسألة
مفيش وقت نعمل كده دلوقتي,لا يوجد وقت للقيام بذلك الآن
الشرح كان ناقص ومش كفاية,كان الشرح غير كافٍ
الطالب مقدرش يحل المسألة,لم يتمكن الطالب من حل المسألة
احنا محتاجين نشتغل اكتر,نحن بحاجة إلى العمل بجد أكثر
نسي يذاكر الفصل الأخير,نسي أن يذاكر الفصل الأخير
النتيجه لسه ماطلعتش,لم تصدر النتيجة بعد
الدرجات كانت مش مظبوطه,لم تكن الدرجات صحيحة
النتيجه لسه ماطلعتش,لم تصدر النتيجة بعد
النتيجه لسه ماطلعتش,لم تصدر النتيجة بعد
المعلم ما شرحش كويس,لم يشرح المعلم بشكل جيد
الشرح كان ناقص ومش كفاية,كان الشرح غير كافٍ
هو عدى السؤال من غير ما يحله,تجاوز السؤال دون أن يجيب عليه
المعلم ما شرحش كويس,لم يشرح المعلم بشكل جيد
الطلبه كانوا بيزعقوا في الفصل,كان الطلاب يصدرون ضجيجًا في الفصل
مفيش وقت نعمل كده دلوقتي,لا يوجد وقت للقيام بذلك الآن
نسي يذاكر الفصل الأخير,نسي أن يذاكر الفصل الأخير
الشرح كان ناقص ومش كفاية,كان الشرح غير كافٍ
مفيش وقت نعمل كده دلوقتي,لا يوجد وقت للقيام بذلك الآن
احنا محتاجين نشتغل اكتر,نحن بحاجة إلى العمل بجد أكثر
المحاضرة كانت ممله جدا,كانت المحاضرة مملة للغاية
النتيجه لسه ماطلعتش,لم تصدر النتيجة بعد
المحاضرة كانت ممله جدا,كانت المحاضرة مملة للغاية
مفيش وقت نعمل كده دلوقتي,لا يوجد وقت للقيام بذلك الآن
احنا محتاجين نشتغل اكتر,نحن بحاجة إلى العمل بجد أكثر
الامتحان كان صعب اوي,كان الامتحان صعبًا جدًا
نسي يذاكر الفصل الأخير,نسي أن يذاكر الفصل الأخير
المحاضرة كانت ممله جدا,كانت المحاضرة مملة للغاية
المحاضرة كانت ممله جدا,كانت المحاضرة مملة للغاية
الشرح كان ناقص ومش كفاية,كان الشرح غير كافٍ
انا مش متأكد من الإجابة,لست متأكدًا من الإجابة
الشرح كان ناقص ومش كفاية,كان الشرح غير كافٍ
مفيش وقت نعمل كده دلوقتي,لا يوجد وقت للقيام بذلك الآن
الطلبه كانوا بيزعقوا في الفصل,كان الطلاب يصدرون ضجيجًا في الفصل
المحاضرة كانت ممله جدا,كانت المحاضرة مملة للغاية
انا مش متأكد من الإجابة,لست متأكدًا من الإجابة
المعلم ما شرحش كويس,لم يشرح المعلم بشكل جيد
هو عدى السؤال من غير ما يحله,تجاوز السؤال دون أن يجيب عليه
الطالب مقدرش يحل المسألة,لم يتمكن الطالب من حل المسألة
الامتحان كان صعب اوي,كان الامتحان صعبًا جدًا
هو عدى السؤال من غير ما يحله,تجاوز السؤال دون أن يجيب عليه
الطالب مقدرش يحل المسألة,لم يتمكن الطالب من حل المسألة
نسي يذاكر الفصل الأخير,نسي أن يذاكر الفصل الأخير
مفيش وقت نعمل كده دلوقتي,لا يوجد وقت للقيام بذلك الآن
نسي يذاكر الفصل الأخير,نسي أن يذاكر الفصل الأخير
الدرجات كانت مش مظبوطه,لم تكن الدرجات صحيحة
المحاضرة كانت ممله جدا,كانت المحاضرة مملة للغاية
مفيش وقت نعمل كده دلوقتي,لا يوجد وقت للقيام بذلك الآن
المحاضرة كانت ممله جدا,كانت المحاضرة مملة للغاية
المعلم ما شرحش كويس,لم يشرح المعلم بشكل جيد
الدرجات كانت مش مظبوطه,لم تكن الدرجات صحيحة
هذا الامر لا يستاهل كل دا,هذا الأمر لا يستحق كل هذا
المحاضرة كانت ممله جدا,كانت المحاضرة مملة للغاية
الدرجات كانت مش مظبوطه,لم تكن الدرجات صحيحة
الامتحان كان صعب اوي,كان الامتحان صعبًا جدًا
الطالب مقدرش يحل المسألة,لم يتمكن الطالب من حل المسألة
المحاضرة كانت ممله جدا,كانت المحاضرة مملة للغاية
هو عدى السؤال من غير ما يحله,تجاوز السؤال دون أن يجيب عليه
مفيش وقت نعمل كده دلوقتي,لا يوجد وقت للقيام بذلك الآن
هو مش فاهم الدرس خالص,إنه لا يفهم الدرس على الإطلاق
نسي يذاكر الفصل الأخير,نسي أن يذاكر الفصل الأخير
نسي يذاكر الفصل الأخير,نسي أن يذاكر الفصل الأخير
الامتحان كان صعب اوي,كان الامتحان صعبًا جدًا
النتيجه لسه ماطلعتش,لم تصدر النتيجة بعد
المعلم ما شرحش كويس,لم يشرح المعلم بشكل جيد
هذا الامر لا يستاهل كل دا,هذا الأمر لا يستحق كل هذا
المعلم ما شرحش كويس,لم يشرح المعلم بشكل جيد
مفيش وقت نعمل كده دلوقتي,لا يوجد وقت للقيام بذلك الآن
هو مش فاهم الدرس خالص,إنه لا يفهم الدرس على الإطلاق
هذا الامر لا يستاهل كل دا,هذا الأمر لا يستحق كل هذا
الشرح كان ناقص ومش كفاية,كان الشرح غير كافٍ
المعلم ما شرحش كويس,لم يشرح المعلم بشكل جيد
احنا محتاجين نشتغل اكتر,نحن بحاجة إلى العمل بجد أكثر
النتيجه لسه ماطلعتش,لم تصدر النتيجة بعد
احنا محتاجين نشتغل اكتر,نحن بحاجة إلى العمل بجد أكثر
نسي يذاكر الفصل الأخير,نسي أن يذاكر الفصل الأخير
احنا محتاجين نشتغل اكتر,نحن بحاجة إلى العمل بجد أكثر
الشرح كان ناقص ومش كفاية,كان الشرح غير كافٍ
انا مش متأكد من الإجابة,لست متأكدًا من الإجابة
المعلم ما شرحش كويس,لم يشرح المعلم بشكل جيد
الشرح كان ناقص ومش كفاية,كان الشرح غير كافٍ
هذا الامر لا يستاهل كل دا,هذا الأمر لا يستحق كل هذا
الطالب مقدرش يحل المسألة,لم يتمكن الطالب من حل المسألة
هو عدى السؤال من غير ما يحله,تجاوز السؤال دون أن يجيب عليه
الشرح كان ناقص ومش كفاية,كان الشرح غير كافٍ
الطلبه كانوا بيزعقوا في الفصل,كان الطلاب يصدرون ضجيجًا في الفصل
انا مش متأكد من الإجابة,لست متأكدًا من الإجابة
مفيش وقت نعمل كده دلوقتي,لا يوجد وقت للقيام بذلك الآن
هو عدى السؤال من غير ما يحله,تجاوز السؤال دون أن يجيب عليه
الشرح كان ناقص ومش كفاية,كان الشرح غير كافٍ
المحاضرة كانت ممله جدا,كانت المحاضرة مملة للغاية
الدرجات كانت مش مظبوطه,لم تكن الدرجات صحيحة
المعلم ما شرحش كويس,لم يشرح المعلم بشكل جيد
الامتحان كان صعب اوي,كان الامتحان صعبًا جدًا
الشرح كان ناقص ومش كفاية,كان الشرح غير كافٍ
الطلبه كانوا بيزعقوا في الفصل,كان الطلاب يصدرون ضجيجًا في الفصل
هو عدى السؤال من غير ما يحله,تجاوز السؤال دون أن يجيب عليه
النتيجه لسه ماطلعتش,لم تصدر النتيجة بعد
الشرح كان ناقص ومش كفاية,كان الشرح غير كافٍ
مفيش وقت نعمل كده دلوقتي,لا يوجد وقت للقيام بذلك الآن
الطالب مقدرش يحل المسألة,لم يتمكن الطالب من حل المسألة
انا مش متأكد من الإجابة,لست متأكدًا من الإجابة
احنا محتاجين نشتغل اكتر,نحن بحاجة إلى العمل بجد أكثر
المحاضرة كانت ممله جدا,كانت المحاضرة مملة للغاية
مفيش وقت نعمل كده دلوقتي,لا يوجد وقت للقيام بذلك الآن
هو مش فاهم الدرس خالص,إنه لا يفهم الدرس على الإطلاق
مفيش وقت نعمل كده دلوقتي,لا يوجد وقت للقيام بذلك الآن
مفيش وقت نعمل كده دلوقتي,لا يوجد وقت للقيام بذلك الآن
هو مش فاهم الدرس خالص,إنه لا يفهم الدرس على الإطلاق
المعلم ما شرحش كويس,لم يشرح المعلم بشكل جيد
المعلم ما شرحش كويس,لم يشرح المعلم بشكل جيد
الشرح كان ناقص ومش كفاية,كان الشرح غير كافٍ
المحاضرة كانت ممله جدا,كانت المحاضرة مملة للغاية
الطلبه كانوا بيزعقوا في الفصل,كان الطلاب يصدرون ضجيجًا في الفصل
الطلبه كانوا بيزعقوا في الفصل,كان الطلاب يصدرون ضجيجًا في الفصل
مفيش وقت نعمل كده دلوقتي,لا يوجد وقت للقيام بذلك الآن
المحاضرة كانت ممله جدا,كانت المحاضرة مملة للغاية
نسي يذاكر الفصل الأخير,نسي أن يذاكر الفصل الأخير
احنا محتاجين نشتغل اكتر,نحن بحاجة إلى العمل بجد أكثر
الطلبه كانوا بيزعقوا في الفصل,كان الطلاب يصدرون ضجيجًا في الفصل
نسي يذاكر الفصل الأخير,نسي أن يذاكر الفصل الأخير
انا مش متأكد من الإجابة,لست متأكدًا من الإجابة
الامتحان كان صعب اوي,كان الامتحان صعبًا جدًا
الدرجات كانت مش مظبوطه,لم تكن الدرجات صحيحة
النتيجه لسه ماطلعتش,لم تصدر النتيجة بعد
هو مش فاهم الدرس خالص,إنه لا يفهم الدرس على الإطلاق
الشرح كان ناقص ومش كفاية,كان الشرح غير كافٍ
المعلم ما شرحش كويس,لم يشرح المعلم بشكل جيد
انا مش متأكد من الإجابة,لست متأكدًا من الإجابة
هو عدى السؤال من غير ما يحله,تجاوز السؤال دون أن يجيب عليه
هو عدى السؤال من غير ما يحله,تجاوز السؤال دون أن يجيب عليه
المحاضرة كانت ممله جدا,كانت المحاضرة مملة للغاية
النتيجه لسه ماطلعتش,لم تصدر النتيجة بعد
الطلبه كانوا بيزعقوا في الفصل,كان الطلاب يصدرون ضجيجًا في الفصل
احنا محتاجين نشتغل اكتر,نحن بحاجة إلى العمل بجد أكثر
نسي يذاكر الفصل الأخير,نسي أن يذاكر الفصل الأخير
هذا الامر لا يستاهل كل دا,هذا الأمر لا يستحق كل هذا
مفيش وقت نعمل كده دلوقتي,لا يوجد وقت للقيام بذلك الآن
الشرح كان ناقص ومش كفاية,كان الشرح غير كافٍ
الطالب مقدرش يحل المسألة,لم يتمكن الطالب من حل المسألة
هذا الامر لا يستاهل كل دا,هذا الأمر لا يستحق كل هذا
النتيجه لسه ماطلعتش,لم تصدر النتيجة بعد
هو عدى السؤال من غير ما يحله,تجاوز السؤال دون أن يجيب عليه
نسي يذاكر الفصل الأخير,نسي أن يذاكر الفصل الأخير
المحاضرة كانت ممله جدا,كانت المحاضرة مملة للغاية
انا مش متأكد من الإجابة,لست متأكدًا من الإجابة
الشرح كان ناقص ومش كفاية,كان الشرح غير كافٍ
الطالب مقدرش يحل المسألة,لم يتمكن الطالب من حل المسألة
النتيجه لسه ماطلعتش,لم تصدر النتيجة بعد
المعلم ما شرحش كويس,لم يشرح المعلم بشكل جيد
الدرجات كانت مش مظبوطه,لم تكن الدرجات صحيحة
المعلم ما شرحش كويس,لم يشرح المعلم بشكل جيد
هو عدى السؤال من غير ما يحله,تجاوز السؤال دون أن يجيب عليه
الشرح كان ناقص ومش كفاية,كان الشرح غير كافٍ
النتيجه لسه ماطلعتش,لم تصدر النتيجة بعد
هذا الامر لا يستاهل كل دا,هذا الأمر لا يستحق كل هذا
مفيش وقت نعمل كده دلوقتي,لا يوجد وقت للقيام بذلك الآن
مفيش وقت نعمل كده دلوقتي,لا يوجد وقت للقيام بذلك الآن
نسي يذاكر الفصل الأخير,نسي أن يذاكر الفصل الأخير
الطلبه كانوا بيزعقوا في الفصل,كان الطلاب يصدرون ضجيجًا في الفصل
الدرجات كانت مش مظبوطه,لم تكن الدرجات صحيحة
الشرح كان ناقص ومش كفاية,كان الشرح غير كافٍ
مفيش وقت نعمل كده دلوقتي,لا يوجد وقت للقيام بذلك الآن
الامتحان كان صعب اوي,كان الامتحان صعبًا جدًا
هو مش فاهم الدرس خالص,إنه لا يفهم الدرس على الإطلاق
المعلم ما شرحش كويس,لم يشرح المعلم بشكل جيد
النتيجه لسه ماطلعتش,لم تصدر النتيجة بعد
المعلم ما شرحش كويس,لم يشرح المعلم بشكل جيد
هذا الامر لا يستاهل كل دا,هذا الأمر لا يستحق كل هذا
النتيجه لسه ماطلعتش,لم تصدر النتيجة بعد
هذا الامر لا يستاهل كل دا,هذا الأمر لا يستحق كل هذا
الامتحان كان صعب اوي,كان الامتحان صعبًا جدًا
هذا الامر لا يستاهل كل دا,هذا الأمر لا يستحق كل هذا
المعلم ما شرحش كويس,لم يشرح المعلم بشكل جيد
المحاضرة كانت ممله جدا,كانت المحاضرة مملة للغاية
الدرجات كانت مش مظبوطه,لم تكن الدرجات صحيحة
مفيش وقت نعمل كده دلوقتي,لا يوجد وقت للقيام بذلك الآن
المعلم ما شرحش كويس,لم يشرح المعلم بشكل جيد
هو مش فاهم الدرس خالص,إنه لا يفهم الدرس على الإطلاق
هذا الامر لا يستاهل كل دا,هذا الأمر لا يستحق كل هذا
الطالب مقدرش يحل المسألة,لم يتمكن الطالب من حل المسألة
المعلم ما شرحش كويس,لم يشرح المعلم بشكل جيد
الطلبه كانوا بيزعقوا في الفصل,كان الطلاب يصدرون ضجيجًا في الفصل
النتيجه لسه ماطلعتش,لم تصدر النتيجة بعد
مفيش وقت نعمل كده دلوقتي,لا يوجد وقت للقيام بذلك الآن
المحاضرة كانت ممله جدا,كانت المحاضرة مملة للغاية
انا مش متأكد من الإجابة,لست متأكدًا من الإجابة
هذا الامر لا يستاهل كل دا,هذا الأمر لا يستحق كل هذا
الامتحان كان صعب اوي,كان الامتحان صعبًا جدًا
المحاضرة كانت ممله جدا,كانت المحاضرة مملة للغاية
الطالب مقدرش يحل المسألة,لم يتمكن الطالب من حل المسألة
الطالب مقدرش يحل المسألة,لم يتمكن الطالب من حل المسألة
المحاضرة كانت ممله جدا,كانت المحاضرة مملة للغاية
هو عدى السؤال من غير ما يحله,تجاوز السؤال دون أن يجيب عليه
الامتحان كان صعب اوي,كان الامتحان صعبًا جدًا
انا مش متأكد من الإجابة,لست متأكدًا من الإجابة
الشرح كان ناقص ومش كفاية,كان الشرح غير كافٍ
المعلم ما شرحش كويس,لم يشرح المعلم بشكل جيد
احنا محتاجين نشتغل اكتر,نحن بحاجة إلى العمل بجد أكثر
الطلبه كانوا بيزعقوا في الفصل,كان الطلاب يصدرون ضجيجًا في الفصل
المحاضرة كانت ممله جدا,كانت المحاضرة مملة للغاية
الطالب مقدرش يحل المسألة,لم يتمكن الطالب من حل المسألة
هذا الامر لا يستاهل كل دا,هذا الأمر لا يستحق كل هذا
الطلبه كانوا بيزعقوا في الفصل,كان الطلاب يصدرون ضجيجًا في الفصل
الامتحان كان صعب اوي,كان الامتحان صعبًا جدًا
النتيجه لسه ماطلعتش,لم تصدر النتيجة بعد
الدرجات كانت مش مظبوطه,لم تكن الدرجات صحيحة
هو عدى السؤال من غير ما يحله,تجاوز السؤال دون أن يجيب عليه
الامتحان كان صعب اوي,كان الامتحان صعبًا جدًا
النتيجه لسه ماطلعتش,لم تصدر النتيجة بعد
نسي يذاكر الفصل الأخير,نسي أن يذاكر الفصل الأخير
هو عدى السؤال من غير ما يحله,تجاوز السؤال دون أن يجيب عليه
هذا الامر لا يستاهل كل دا,هذا الأمر لا يستحق كل هذا
الطلبه كانوا بيزعقوا في الفصل,كان الطلاب يصدرون ضجيجًا في الفصل
الشرح كان ناقص ومش كفاية,كان الشرح غير كافٍ
احنا محتاجين نشتغل اكتر,نحن بحاجة إلى العمل بجد أكثر
هو مش فاهم الدرس خالص,إنه لا يفهم الدرس على الإطلاق
احنا محتاجين نشتغل اكتر,نحن بحاجة إلى العمل بجد أكثر
المعلم ما شرحش كويس,لم يشرح المعلم بشكل جيد
الطالب مقدرش يحل المسألة,لم يتمكن الطالب من حل المسألة
هو عدى السؤال من غير ما يحله,تجاوز السؤال دون أن يجيب عليه
الدرجات كانت مش مظبوطه,لم تكن الدرجات صحيحة
المعلم ما شرحش كويس,لم يشرح المعلم بشكل جيد
المعلم ما شرحش كويس,لم يشرح المعلم بشكل جيد
الدرجات كانت مش مظبوطه,لم تكن الدرجات صحيحة
الامتحان كان صعب اوي,كان الامتحان صعبًا جدًا
هذا الامر لا يستاهل كل دا,هذا الأمر لا يستحق كل هذا
انا مش متأكد من الإجابة,لست متأكدًا من الإجابة
هو مش فاهم الدرس خالص,إنه لا يفهم الدرس على الإطلاق
الطلبه كانوا بيزعقوا في الفصل,كان الطلاب يصدرون ضجيجًا في الفصل
الامتحان كان صعب اوي,كان الامتحان صعبًا جدًا
الطلبه كانوا بيزعقوا في الفصل,كان الطلاب يصدرون ضجيجًا في الفصل
المحاضرة كانت ممله جدا,كانت المحاضرة مملة للغاية
الشرح كان ناقص ومش كفاية,كان الشرح غير كافٍ
الطلبه كانوا بيزعقوا في الفصل,كان الطلاب يصدرون ضجيجًا في الفصل
المحاضرة كانت ممله جدا,كانت المحاضرة مملة للغاية
هذا الامر لا يستاهل كل دا,هذا الأمر لا يستحق كل هذا
الطالب مقدرش يحل المسألة,لم يتمكن الطالب من حل المسألة
مفيش وقت نعمل كده دلوقتي,لا يوجد وقت للقيام بذلك الآن
الطالب مقدرش يحل المسألة,لم يتمكن الطالب من حل المسألة
الطلبه كانوا بيزعقوا في الفصل,كان الطلاب يصدرون ضجيجًا في الفصل
انا مش متأكد من الإجابة,لست متأكدًا من الإجابة
نسي يذاكر الفصل الأخير,نسي أن يذاكر الفصل الأخير
النتيجه لسه ماطلعتش,لم تصدر النتيجة بعد
المعلم ما شرحش كويس,لم يشرح المعلم بشكل جيد
هو مش فاهم الدرس خالص,إنه لا يفهم الدرس على الإطلاق
الدرجات كانت مش مظبوطه,لم تكن الدرجات صحيحة
الطلبه كانوا بيزعقوا في الفصل,كان الطلاب يصدرون ضجيجًا في الفصل
هذا الامر لا يستاهل كل دا,هذا الأمر لا يستحق كل هذا
الطلبه كانوا بيزعقوا في الفصل,كان الطلاب يصدرون ضجيجًا في الفصل
هو عدى السؤال من غير ما يحله,تجاوز السؤال دون أن يجيب عليه
هو عدى السؤال من غير ما يحله,تجاوز السؤال دون أن يجيب عليه
انا مش متأكد من الإجابة,لست متأكدًا من الإجابة
نسي يذاكر الفصل الأخير,نسي أن يذاكر الفصل الأخير
هو مش فاهم الدرس خالص,إنه لا يفهم الدرس على الإطلاق
احنا محتاجين نشتغل اكتر,نحن بحاجة إلى العمل بجد أكثر
مفيش وقت نعمل كده دلوقتي,لا يوجد وقت للقيام بذلك الآن
الطالب مقدرش يحل المسألة,لم يتمكن الطالب من حل المسألة
هو عدى السؤال من غير ما يحله,تجاوز السؤال دون أن يجيب عليه
الطالب مقدرش يحل المسألة,لم يتمكن الطالب من حل المسألة
الطلبه كانوا بيزعقوا في الفصل,كان الطلاب يصدرون ضجيجًا في الفصل
نسي يذاكر الفصل الأخير,نسي أن يذاكر الفصل الأخير
الطلبه كانوا بيزعقوا في الفصل,كان الطلاب يصدرون ضجيجًا في الفصل
النتيجه لسه ماطلعتش,لم تصدر النتيجة بعد
النتيجه لسه ماطلعتش,لم تصدر النتيجة بعد
انا مش متأكد من الإجابة,لست متأكدًا من الإجابة
المحاضرة كانت ممله جدا,كانت المحاضرة مملة للغاية
الطلبه كانوا بيزعقوا في الفصل,كان الطلاب يصدرون ضجيجًا في الفصل
هذا الامر لا يستاهل كل دا,هذا الأمر لا يستحق كل هذا
الطالب مقدرش يحل المسألة,لم يتمكن الطالب من حل المسألة
الطالب مقدرش يحل المسألة,لم يتمكن الطالب من حل المسألة
النتيجه لسه ماطلعتش,لم تصدر النتيجة بعد
هذا الامر لا يستاهل كل دا,هذا الأمر لا يستحق كل هذا
المحاضرة كانت ممله جدا,كانت المحاضرة مملة للغاية
الامتحان كان صعب اوي,كان الامتحان صعبًا جدًا
الامتحان كان صعب اوي,كان الامتحان صعبًا جدًا
نسي يذاكر الفصل الأخير,نسي أن يذاكر الفصل الأخير
هذا الامر لا يستاهل كل دا,هذا الأمر لا يستحق كل هذا
الشرح كان ناقص ومش كفاية,كان الشرح غير كافٍ
الطالب مقدرش يحل المسألة,لم يتمكن الطالب من حل المسألة
احنا محتاجين نشتغل اكتر,نحن بحاجة إلى العمل بجد أكثر
الطلبه كانوا بيزعقوا في الفصل,كان الطلاب يصدرون ضجيجًا في الفصل
المحاضرة كانت ممله جدا,كانت المحاضرة مملة للغاية
هو عدى السؤال من غير ما يحله,تجاوز السؤال دون أن يجيب عليه
الدرجات كانت مش مظبوطه,لم تكن الدرجات صحيحة
